Chapter_Title,Word_Count
第五百六十八章,3166
第五百六十九章,2950
第五百七十章,3392
第五百七十一章,3240
第五百七十二章,2898
第五百七十三章,3453
第五百七十四章,3016
第五百七十五章,2994
第五百七十六章,2986
第五百七十七章,3148
第五百七十八章,3236
第五百七十九章,3364
第五百八十章,3104
第五百八十一章,3191
第五百八十二章,2985
第五百八十三章,3077
第五百八十四章,3017
第五百八十五章,3186
第五百八十六章,3132
第五百八十七章,3156
第五百八十八章 深不可测的姬玄,2906
第五百八十九章,3018
第五百九十章,3101
第五百九十一章,3013
第五百九十二章,3118
第五百九十三章,3230
第五百九十四章,3100
第五百九十五章,3080
第五百九十六章,3102
第五百九十七章,3042
第五百九十八章,3171
第五百九十九章,3144
第六百章,3105
第六百零一章,3255
第六百零二章,3359
第六百零四章,2990
第六百零五章,3040
第六百零六章,3039
第六百零七章,3174
第六百零八章,3043
第六百零九章,3259
第六百一十章,3078
第六百一十一章,3035
第六百一十二章,3092
第六百一十三章,3213
第六百一十四章,3030
第六百一十五章,3004
第六百一十六章,3020
第六百一十七章,3275
第六百一十八章,3087
第六百一十九章,3013
第六百二十章,3030
第六百二十一章,3028
第六百二十二章,2997
第六百二十三章,3061
第六百二十四章,3410
第六百二十五章,3174
第六百二十六章,3028
第六百二十七章,3595
第六百二十八章,2978
第六百二十九章,3023
第六百三十章,3128
第六百三十一章,3179
第六百三十二章,3539
第六百三十三章,3080
第六百三十四章 九幽冥雀,3482
第六百三十五章,3287
第六百三十六章,3261
第六百三十七章,3172
