book,chapter,paragragh,tag
大主宰,第一百零七章 斩杀,"整个城市，都是在此时彻底的寂静下来。

 因为他们看见，当那黑色光束掠过时，那柳惊山所化的双头魔犬，竟是消失得干干净净，甚至连丝毫骨骸都未曾遗留下来。

 那一幕，就犹如他是被生生从这天地间蒸发了一般。

 天空上狂暴的灵力波动，也是在此时迅速的消退，先前的那种惊天之战，仿佛彻彻底底的消失而去。

 城市中无数人面面相觑，他们望着那空荡荡的天空，柳惊山，就这样被抹杀了？

 一名融天境的强者，就这样陨落了？

 柳擎天，柳慕白等人呆呆的望着柳惊山消失去的地方，脑子之中猛的传出阵阵眩晕的感觉，竟是忍不住的一屁股坐在了地上。

 原本他们的大好局面，原本他们称霸北灵境的野心就这样，被彻彻底底的抹杀了？！

 而这一切，都是那个曾经根本不被他们重视的牧尘做出来的？",1
大主宰,第四十一章 作弊,"这也太变态了，这火灵猿王精魄一拿出来，还有谁能比啊？”墨岭他们嘀咕道，那可是灵轮境后期的中级灵兽啊，他们这些学员，怎么可能有能力猎杀？

 莫师与席师也是望着那火灵猿王的精魄，后者眼中也是布满着惊异，前者倒是还好，毕竟当曰他也是亲眼见到过牧尘是如何驱虎吞狼将那倒霉的火灵猿王解决掉的。

 那记录人员则是愣了好半晌，显然没想到这种等级的灵兽精魄，会被一个学员拿出来。

 “中级后期灵兽精魄...一道...”

 片刻后，记录人员那压抑着惊讶的声音，方才响起来，无疑又是引来一阵轰鸣之声。",1
大主宰,第七百一十二章,"这场九幽卫与血鹰卫的拼斗，原本占据绝对优势的血鹰卫，竟然输得一败涂地！

 哗！

 当这一幕出现的时候，战场之外的天空上。顿时响起了铺天盖地的哗然声，无数强者面色凝重。虽然不言不语，可心中却着实受到了一些震动。

 因为这个结果，实在是让人有些难以平静，血鹰卫不仅在数量上拥有着优势，而且其统领吴天更是实力达到二品至尊顶峰的层次，所以这双方从表面上来看，似乎不管哪一点，都是九幽卫堪忧。可如今的结果…

 却是让人跌破了眼镜。

 那漫天的视线，都是忍不住的汇聚向了牧尘，因为谁都看得出来，这场战斗，正是因为他的存在，九幽卫才能够获胜。",1
大主宰,第九百章,"战意光圈动荡，然后突然间天空震动，在九幽他们的震撼注视下，只见得那光圈之内，一只约莫千丈庞大的巨手竟是缓缓的成形，那道巨手之上，布满着密密麻麻的战纹，一股恐怖的波动散发出来，那等战意波动，就算是以裂山王的实力，都是面色为之剧变。

 呼。

 牧尘仰望着那光圈之内的战意巨手，却是轻轻的吐了一口气，将心中陡然间涌起来的激动缓缓的压制了下来。

 因为，在那战意巨手之上，夺目的战纹，那般数量，已是超过一万！

 那也就是说，此时的牧尘，终于是突破了万纹，正式的踏入了战阵师的门槛，成为了一名货真价实的万纹战阵师！",2
大主宰,第六百八十四章,"在那金池峰山下，无数人望着那灵力光镜中远去的身影，原本喧嚣的天地间，却是在此时变得安静下来，所有人的面庞，都是有着震动之色浮现出来，他们此时方才明白过来，这个九幽宫的新统领，究竟隐藏了多少可怕的底牌..

 以一敌四，斩杀其三，这般战绩，委实可怖。

 天空上，三皇静静的望着灵力光幕，他们盯着那道少年身影，眼中都是掠过了一抹惊异之色，即便是那位深不可测的睡皇，都是睁开了眼睛。

 这个少年...果然不简单。",1
大主宰,第一百零七章 斩杀,"远处，牧尘眼神平静的望着天空上的对恃，旋即手指轻轻一动，只见得半空上的黑莲，竟是在此时蹦碎开来，然后化为一股黑色的液体，融入了那道黑色光束之中。

 咻！

 随着黑莲的散去，那道黑色光束的表面，仿佛是有着巨大的黑莲光纹浮现出来，旋即那一直隐藏的峥嵘，终于是在此时暴露出来。

 深邃的幽黑光芒自光束中爆发出来，那风火双龙，也是在此时发出了一道凄厉的哀鸣之声，然后无数人便是有些骇然的见到，风火双龙身躯之上，竟是有着裂纹浮现出来。

 柳惊山的瞳孔，在此时陡然紧缩。

 轰！

 惊天般的声音响彻而起，黑色光束贯穿而过，竟是生生的将那风火双龙洞穿而去。

 就在风火双龙被洞穿的霎那，那柳惊山的眼中终于是有着惊骇涌出来，浓浓的死亡之感，涌上了心头。",1
大主宰,第两百一十九章 换我来进攻,"又接下来了啊...”

 当然，不仅是他，战台周围，那无数人也是在心中不约而同的喃喃了一声，旋即忍不住的将视线投向场中那面色苍白，但修长身躯依旧笔直的少年，眼中掠过一些佩服之色。

 “好厉害的学弟呢。”

 一些俏美的女孩子也是由衷的轻叹出声，能够将排名天榜第二的李玄通逼得动用天玄神诀，但依旧还能屹立在场中，虽说受伤，却依旧没有丝毫的惊惧，这份气度，让人忍不住的心动神摇。",1
大主宰,第四百零四章,"下方顿时有着一些幸灾乐祸的冷笑响起，这小子，接下来就该千疮百孔了吧……
呃……
冷笑声噶然而止，一些人的眼睛都是猛的瞪大了一些，只见得在那天空上，呈现了那众多空间风刃袭击的牧尘，竟然只是被震飞了十数米，然后便是再度稳住，身体之上，没有丝毫鲜血滴落，更何况那种被撕裂了。",1
大主宰,第九百章,"五道战意之灵踏足虚空，咆哮震天，夺目的战纹弥漫在它们的身躯上，那等战意波动，比起以往，竟是强悍了不知道多少！

 九幽，裂山王等人都是略有些震撼的望着这一幕，以往的牧尘，想要凝炼出五道战意之灵虽然也是可以办到，但绝对做不到如今这样的行云流水。

 先前他凝炼战意之灵，仿佛都只是随手而为一般，而且，即便是身为外行，可九幽他们都是能够看得出来，如今这五道战意之灵，比起以前，显然强悍了不止一个档次。",1
大主宰,第两百零七章 九级浮屠塔,呜。那银色长剑犹如是爆发出哀鸣，灵力黯淡的倒射而回，落在了徐青青手中，剑身之上，一道道细微的裂纹蔓延开来，一柄中品灵器，竟然是直接被那九级浮屠塔镇成了废品。漫天寂静无声，那一道道望向此处的目光中，充斥着震动，特别是那之前与牧尘交过手的霍风，更是面色凝重无比，他显然没想到牧尘竟然还留着这等惊人的手段，先前那黑塔的镇压，就算是换作他的话，怕也是会相当的狼狈。,1
大主宰,第四百一十章,"万古不朽身，天地间九十九等至尊法身中，名列第四！

 牧尘神色呆滞，那手掌都是在微微的颤抖着，一种无法言明的战栗之感涌上心头，他无法想象，在这神秘黑纸中，竟然蕴藏着一篇如此可怕的东西

 天地间排名第四的至尊法身啊，这如果将消息放了出去，牧尘敢肯定，恐怕连北苍灵院都保不住他！

 因为这种诱惑太大了，无数至尊强者会变成疯子一般的来抢夺，而且还是不惜任何代价！

 虽然眼下他获得的只是一卷名为“大曰不灭身”的残篇，还并不是真正的“万古不朽身”，但不管怎么样，只要他将这至尊法身修炼成功，那他就是拥有了追逐那“万古不朽身”的资格，而待得他有朝一曰真的将其修炼成功，他有着自信，不论是落shen族，还是他娘所在的神秘之族，他都拥有了去闯荡的本钱！",2
大主宰,第六百三十六章,"天地间，无数人望着天空上那巨大而妖艳的花苞，面色有些呆滞，谁能想到，先前那还威风得不可一世的远古天龙鹰，竟然就这样的被降服了下来..

 那可是一头实力达到四品至尊的超级灵兽啊！

 就算是在座的一些灵院院长，恐怕都没把握说能够将其彻底的镇压，然而现在，却是被一个如此年轻的少年做到了。

 这一幕，就算是以高空中那些各大灵院院长的定力，都是忍不住的有些沉默，面面相觑间，心中都是有些震动，而后眼神复杂的望着那挺拔身躯的少年。

 此子不凡啊。",1
大主宰,第两百二十章 妖莲再现,"天地暗沉，天地灵气疯狂的汇聚而来，战台周围，所有人都是仰起头，眼中带着一丝骇然的望着天空。

 那里，风云汇聚，而在那搅动的风云之中，一道庞大无比的光阵，正在逐渐的成型着，光阵极端的复杂，那一条条勾勒的光线，犹如大自然的杰作，垂然天成。

 “他竟然能够布置出这种等级的灵阵...”

 无数人呆呆的望着那等复杂光阵，眼中满是不可思议，这般阵法，已经超越了三级灵阵的范畴，莫非，这牧尘，竟然达到了四级灵阵师的程度？

 那种等级的灵阵师，放眼北苍灵院的所有学员，都是极少极少，眼前的牧尘，竟然能够达到？",1
大主宰,第七百三十二章,"随着牧尘手掌握拢，只见得其右手之上，燃烧着紫炎的灵力熊熊涌起，而在其左手，灵力却是呈现透明之色，不过在那透明之中，仿佛是有着无形的雷音悄然的传出。

 右手不死，左手心魔！

 两种截然不同的灵力，在牧尘的双手涌动，这一幕，即便是以九幽的定力,那美目之中，都是有着异彩涌动起来。

 这个家伙，还真是厉害呢。",2
大主宰,第九百四十二章,唰。在先前牧尘所立之地，空间波荡，南阁主身影闪现而出，但扑了一个空的他，面色却是一片铁青，想来是有点没料到牧尘竟然滑溜到这种程度。钻入石军之中的牧尘则是冲着南阁主一声冷笑，手掌握住战意神盘，灵力猛然灌注而进。,1
大主宰,第一百六十章 神魄榜第三,"神魄榜第三名，牧尘，北苍灵院修行一天。

 “呃”

 北苍灵院的气氛仿佛是在这一瞬静了静，那无数道望着神魄榜的视线都是在此时愣了愣，北苍灵院修行一天？那不是今天才刚刚来到北苍灵院的新生吗？

 一个新生，竟然把盘踞在神魄榜上的老生给撵下去了？

 北苍灵院的安静仅仅持续了一瞬，便是轰然热闹起来，这种事情可多少年没出现过了？",1
大主宰,第四百四十一章,谁都能够感觉到，牧尘体内，此时堆积着多么庞大的力量。轰隆。在那雷海中，依旧还有着黑神雷不断的呼啸而来，降落在牧尘的身体上，炸起漫天雷光。牧尘的身体微微一颤，疯狂的吸收着侵入体内的黑神雷之力以及那种磅礴的灵力，那眉头却是微微皱起，那种爆发的感觉，还没来到……,1
大主宰,第八十二章 完虐,"然而面对着他这般凶狠的攻势，牧尘却是步伐轻移，犹如闲庭信步一般，任由那陈通如何的疯狂，都是无法沾染到他的半丝衣角。

 场中一幕，显得有些滑稽起来，一人疯狂攻击，一人却是悠闲而动，颇有些狂风暴雨，我自扁舟随浪起伏的味道。

 这个时候，就算是那些寻常人都是看出了一些差距，似乎眼前的两人，并不是在一个档次。",1
大主宰,第二十二章 死印之威,"青光剑尖，最终彻彻底底的蹦碎开来，罗统眼中也是有着惊骇之色涌现，身形急忙狼狈的倒射而出。

 牧尘并未追击，只是掌心一翻，那黑印便是消失而去，场中的波动也是缓缓的消散，但那周围，却是鸦雀无声，一道道惊愕的目光，怔怔的望着那道修长的身影，显然是有些无法想象，牧尘不仅挡下了罗统最厉害的攻势，还将其正面震退。

 “怎么可能...”

 姜立，滕勇他们目瞪口呆的望着这一幕，灵动境后期的罗统，竟然在灵动境中期的牧尘手中吃亏了？",1
大主宰,第七百六十章,"那是？”冰清他们突然惊讶出声，只见得在那牧尘的上空。空间剧烈的扭曲起来，只见得三道幽黑的黑莲，忽然凭空出现，它们出现的是那样的突兀。而且它们的波动，也与寻常灵力手段截然不同。

 “是灵阵！”

 终是有人失声叫道，那种复杂的阵纹以及奇特的灵力波动，竟是真正的灵阵波动。

 “这家伙竟然还是一个灵阵师？”冰清他们张大着嘴巴，牧尘隐藏的这一手，显然是有点出乎他们的意料，毕竟他们从未见过牧尘施展过灵阵。

 这三道黑莲灵阵，自然便是妖莲屠灵阵，以牧尘如今的实力以及对灵阵的造诣，布置出来的妖莲屠灵阵，比起以往，也是要显得更为的强大。",1
大主宰,第一百一十三章 被盯上,"那黄金鳄见到牧尘冲来，也是发出怒吼之声，那足以撕裂山岩的尾巴狠狠的甩出，然后轰中牧尘的身体，但却是诡异的穿透了过去，那竟是一道残影。“在上面。”
牧尘的身形，快若鬼魅般的出现在了黄金鳄头顶之上，他微微一笑，灵力陡然爆发出来，那股力量，竟是生生的将黄金鳄压塌在地，然后他双指带起金光，毫不犹豫的暴刺在了那黄金鳄脑袋之上。",1
大主宰,第两百九十五章 剿灭,"牧尘一声轻喝，幽黑灵力犹如狼烟般席卷，一拳轰出，数道燃烧着黑炎的灵力匹练便是狠狠的横扫而过，那凡是接触到灵力匹练的灵兵，几乎是在顷刻间蹦碎而去。

 而随着那些灵兵的蹦碎，一道道淡红色的灵光便是凝聚而出，最后被牧尘一把收起，这般收获让得他眼中忍不住的有些欣喜之色浮现，他们之前辛苦那么久，也才收获了数十道灵光而已，然而到了这里，才这么一会，收获就如此之大。

 寻找聚集点，果然才是在狩猎场中获得灵光的最好方式。",1
大主宰,第七百一十一章,"牧尘双手缓缓的摊开，他任由那战意风暴肆虐咆哮，他的意志，也是在此时尽数的融入了那狂暴的战意中…

 于是，那战意风暴，开始以一种惊人的速度膨胀起来。

 所有人的面色都开始变了，那吴天面庞上的狰狞，也是逐渐的凝固。

 因为他们都感觉到，牧尘周身的战意，竟然开始成倍的暴涨，短短数息的时间，竟然已经赶超了血鹰卫凝聚而成的战意！

 “怎么可能…”

 无数人震撼失声，他们望着那在战意风暴之中摊开双手的身影，一时间，竟是呐呐无言，这个年轻人，对于战意的掌控，竟是达到了这种程度吗？！",1
大主宰,第一百二十四章 金轮裂灵阵,"牧尘手指轻轻一点，那金色光轮顿时暴射而出，犹如一道金色闪电，撕裂长空，直奔那三头高级灵兽而去。

 金色光轮暴射而来，那三头高级灵兽浑身羽毛都是倒竖了起来，那眼中似是掠过一抹惊慌之色，显然，从这金色光轮上，他们察觉到了极端危险的波动。

 它们微微迟疑，突然陡然掉头，展开双翼，便是飞逃而去，高级灵兽已是拥有了一些灵智，知道趋吉避凶，它们清楚，若是让那危险的金色光轮正面击中，它们恐怕会必死无疑。",1
大主宰,第四百零八章,"牧尘凝神望去，玉骨表面异常的光滑，没有丝毫的瑕疵，犹如完美的艺术品，而因为玉骨晶莹剔透的缘故，牧尘竟然看见，在那玉骨之内，竟然还有着一滴滴呈现金黄色彩的血液，在缓缓的流淌。

 这玉骨之内，竟然还有天至尊精血存在？！

 牧尘望着那金黄色的血液，心头却是急促的跳动了起来，这可是天至尊精血啊，虽然只有寥寥数滴，但面对着这种东西，就算是至尊强者都得眼红，虽说这圣灵山脉在远古时期坐化了一位天至尊，但毕竟随着岁月的流逝，那位天至尊的一切所留都是被岁月侵蚀，就算是其强大精血，都是渐渐的化于天地间，但谁能料到，在这玉骨之内，还能有着数滴残存。

 这可是至宝啊！",2
大主宰,第三百九十三章,"牧尘居高临下的望着冲来的三道金光，唇角也是有着一抹笑容掀起，这是他第一次祭出大须弥魔柱，虽然是处于被镇压的状态，但这等太古凶器，又岂是寻常力量可以媲美，拥有了这般利器，牧尘足以轻易镇压任何通天境后期实力的对手。

 他双手虚抱，只见得那巨大的黑色魔柱猛然倒垂而下，犹如一座山岳，携带着滔滔煞气，仿佛蹦碎了虚无，直接是以一种无可阻拦之势，在那一道道骇然的目光中，重重的砸在那三道金光战偶之上。

 砰！

 惊天般的巨声响彻，只见得那巨大的黑色魔柱直冲而下，三座战偶举起金光巨手撑着柱子之底，试图将其生生的撑起，但这等太古凶器，又哪是它们能够对付，当即所有人都是见到，黑色魔柱冲下，最后嘭的一声，狠狠的落在那辽阔的石台之上，大地崩塌，那三座战偶，直接是被生生的砸进了地面深处！

 魔柱笔直矗立在刑台之上，周围有着一道道巨大的裂缝蔓延开来，即便在其下方镇压着三座战偶，但那魔柱，却是纹丝不动，散发着滔天的煞气。

 无数人睁大着眼睛望着这一幕。",1
大主宰,第八百零八章,"牧尘紧闭的双目，也是在此时一点点的睁开，那原本漆黑的眼瞳，在此时竟是变成黄金色彩，威严十足，令人感到窒息。

 金色的眼瞳，持续了一会，开始消退而去。牧尘也是有些茫然的低头望着毫发无损的身体，手掌缓缓紧握。他能够感觉到体内那奔涌的可怕力量。

 他的体内，仿佛是真正的隐藏了一条真龙以及真凤一般。

 他手掌摸了摸胸膛处的真龙之纹，旋即眼皮忍不住的跳了跳，因为他感觉这真龙之纹以及他背后的真凤之纹，仿佛是有着一种生命力一般。",2
大主宰,第七百零一章,"牧尘仿佛黄金般的拳头，再度轰出，直接是轰在了罗莽拳头之上，这一次，一股恐怖的力量犹如火山一般喷发而出。

 嘭！

 巨声响彻，然后众人便是眼瞳一缩的见到，罗莽的身体，竟是在此时倒射而出，最后在那地面上，撕裂出一条上千丈深深裂痕。

 烟尘升腾，一地狼狈，无数人却是在此时倒吸了一口冷气。

 这个少年，竟然一拳轰飞了罗莽！",1
大主宰,第一百九十五章 新老神魄第一的交手,"牧尘低低冷哼出声，体内灵力在此时毫无保留的席卷而出，雄浑的灵力夹杂着黑炎冲天而起。

 砰！

 那白衣青年拳风直接是被尽数的燃烧而去，他面色大惊，急急的暴退，但牧尘却是得势不饶人，身形一动，便是出现在那白衣青年身前，身体犹如炮弹一般，肩膀狠狠的撞击在其胸膛之上。

 低沉之声响彻，那白衣青年直接是被震得倒飞了出去，喉咙一甜，便是有着一丝猩红出现在其嘴角，身体上的衣衫，更是被牧尘先前那一撞，彻彻底底的震碎而去。

 哗。

 周围的天空，那些望着这里的视线，也是在此时爆发出一些惊哗之声，那白衣青年并不算无名之人，在北苍灵院中也算是有些名气，那等实力，绝对不弱于杨弘，但眼下，竟是在这刚刚接触间，便是被牧尘逼入了下风。",1
大主宰,第八十二章 完虐,"牧尘的拳头，缠绕着幽黑的灵力，没有丝毫闪避的硬憾在了那陈通倾尽全力的攻势之上，一道低沉闷声顿时响彻而起。

 一股狂暴的气浪，以两人为中心，席卷而开。

 牧尘的身体，纹丝不动，但那陈通的面庞却是涨红起来，下一瞬，其身体猛的一颤，竟是直接在那众多惊愕的目光中倒飞而出，然后搽着地面掠出十数米，这才狼狈的稳住。",1
大主宰,第两百九十六章 独自吃下,"牧尘倒是漠然的望着暴冲而来的灵将，旋即手指凌空轻点，那黑色光莲顿时冉冉绽放，恐怖的灵力在那莲心凝聚。

 咻！

 当那灵力凝聚到极限时，只见得黑色光莲猛的一震，一道漆黑如墨般的光束猛然自那莲心喷薄而出，然后犹如贯穿天地的黑色光柱，狠狠的轰击在那冲击而来的八只灵将身躯之上。

 砰！

 黑色光束最终落地，这片山脉，仿佛都是在此时颤抖起来，大地被撕裂，一道道沟壑自那山坳深处蔓延出来。",1
大主宰,第一百二十七章 碾压,"两人此时也是明白这一次遇见了硬茬，抹去嘴角的血迹，当机立断，立即暴退。

 “走哪去？！”

 牧尘黑色眸子中，冷光一闪，灵影步运转而起，竟是化为道道残影，还不待杨弓二人反应过来，已是出现在了他们身前，那泛着金光的凌厉双指，则是犹如锋利的金色神枪，停在了两人咽喉之处，那等凌厉之气，顿时令得两人咽喉处有着鲜血渗透出来。

 “再动，就死。”

 牧尘淡漠的看了两人一眼，那没有多少情感波动的声音，顿时令得两人身体陡然僵硬了下来。",1
大主宰,第两百八十一章 第八层,"雷域之外，一片骚动，无数人面面相觑，都是看出对方眼中的难以置信，虽说如今的牧尘在北苍灵院已算是名人，但不论如何，他毕竟没有真正正统的表现过什么，与李玄通的交手，只是三招之约，之前上妖门总部，那也是因为事先布置好了灵阵，而且鹤妖显然有所留手，并不想因为牧尘而暴露实力，所以这些事情虽然能够增长牧尘的名气，但却并不能让他真正的超越鹤妖之流。

 但眼下，这雷域碑上面的动静，却是让人终于有了一个直观的认识，这个榜单或许没有天榜来得那么直接，但也是一个份量不轻的榜，从这里，能够看出一些学员所隐藏的实力。

 而牧尘，却是能够成功冲刺进入那雷域第八层，这岂不是说，已经超越鹤妖等人，追赶上李玄通了？

 这新生，也太厉害了吧？",1
大主宰,第两百七十三章 十阵之威,"接触的霎那，众人都是能够清晰的见到那一道道光幕几乎是在顷刻间破碎，那十道扭曲在一起的光柱，以一种势如破竹的冲势，横扫而过，广场的地面，都是在那种灵力的横扫下，震裂出一道道巨大的裂缝。

 噗嗤。

 一道道身影狼狈的吐血倒飞而出，那后方的陈厚等人见到那十道光柱竟然如此凶悍，面色也是大变。

 轰！

 十道横扫而来的灵力光柱，再度冲击在他们身前所形成的灵力光幕上，顿时光幕震荡不已，一波波的涟漪，急速的扩散着。",1
大主宰,第四十一章 作弊,"而在他们的注视下，牧尘终于是缓缓的伸出了手掌，然后众人便是目瞪口呆的见到，在其手中，五个光团升腾着，每一个光团的灵力波动，都不比那火灵猿王的灵兽精魄弱。

 这五个光团，竟然全都是灵轮境后期的灵兽精魄！

 牧尘捎了捎头，望着面色铁青的柳慕白，微微一笑：“不好意思啊，前些天有五头灵轮境后期的中级灵兽打群架，然后五败俱伤，所以我就上去把它们都干掉了。”

 众人齐齐吐血，这家伙，这种理由，是专门来讽刺柳慕白的吗？",1
大主宰,第四百零二章,"而在目光注意到那团耀眼灵光时，后者突然爆发出了强烈的光芒，那种光芒，甚至令得这昏暗的天地都是明亮了一瞬。

 而也是借助着这霎那间的明亮，牧尘看见了那光芒之中，似乎是一截莹白色的东西，有点类似骨头...

 “那是什么...”

 牧尘喃喃自语，不过旋即他面色突然一变，手掌忍不住的摸上了胸膛，他感觉到气海之内，突然传出了一股颤动，而当他感应到那颤动的来源时，心脏都是激烈的跳动了起来。

 因为那源头，竟然来自他气海之内那神秘无比的一页黑纸！

 而且，这种颤动，比以往任何一次都要显得激烈！",2
大主宰,第一千七十一章 战九品,而在龙臂至尊前方，则是双手微垂，神态平静的牧尘，他的双目似闭微闭，周身磅礴灵力萦绕，空间震荡间，也是显露出了一些不凡。轰。不过面对此刻的牧尘，那龙臂至尊仅仅只是淡漠一瞥，下一霎，其眼中便是有着精光爆发而出，他猛然伸出脚掌，重重的一跺。,1
大主宰,第两百八十七章 渡劫成功,"而随着那最后一道神雷落尽，天空上，那黑神雷云也终于是彻彻底底的消散而去，在雷云散去的那一刻，九幽雀的身体，突然间爆发出了耀眼的光芒。

 那些光芒极为神异，笼罩着九幽雀，在那种光芒的照耀下，九幽雀身躯上的狰狞伤痕，竟是在一点点的愈合起来。

 “渡劫成功了吗？”

 九幽雀喃喃自语，那眼中流露出难以自抑的激动，它能够感觉到，它的身体内部，在开始出现巨大的变化。

 那是一种真正的蜕变。

 从身躯到血脉！",1
大主宰,第六十七章 一页黑纸镇灵雀,"而随着那九幽雀被困，气海中的那种暴动也是逐渐的平息下来，黑色火焰也是开始消退，最后化为一只不过婴儿拳头大小的迷你型九幽雀。

 它愤怒的挣扎着，但却丝毫逃脱不了那暗紫色的曼荼罗花，因此逐渐的它只能停歇下来，满含恨意与凶狠的双目缓缓的闭上，准备着储蓄力量，再待时机。

 牧尘则是目瞪口呆的望着气海内的这番神奇争斗，许久后方才有些茫然的回过神来，他望着那一页薄薄黑纸上的暗紫色曼荼罗花，眼神呆呆的。

 这就被解决了？",2
大主宰,第九十四章 九天雷灵阵,"而就在杨鬼受创急退间，一道充满着杀气的冷喝声，陡然自其后方响彻而起，他急忙转身，然后便是见到雷山暴掠而来，后者整个身体都是被金光包裹，在其后方，那金甲穿山兽犹如与其人兽相合，唰的一声，便是带起一股无法形容的锋锐，生生的自其胸膛处穿透而出。

 杨鬼的身体，陡然凝固，他艰难的缓缓低头，只见得在其胸膛处，出现了一个两尺左右的血洞，鲜血滚滚而出。

 整个山顶，仿佛都是在此时安静了下来，那些邙阴山的人马惊骇的望着这一幕，旋即眼中有着恐惧之色涌出来。

 牧尘见状，也是如释重负的松了一口气，一屁股瘫坐了下来，杨鬼已死，今曰之战，这邙阴山与柳域，输定了。",1
大主宰,第一百九十五章 取巧,"而就在他们有些讶异间，那光幕之中，镇守者冰冷的身躯表面，突然有着极为紊乱的灵力波动涌现，而后那甲胄后的猩红视线，也是开始一点点的黯淡下来，最终归于黑暗。

 “怎么回事？”烛天长老见状，顿时一怔，惊讶的道。

 “他破坏了镇守者身躯之上隐藏的灵阵，隔断了我与镇守者间的联系。”光幕波动着，一道意念传出来。

 “哦？”

 烛天长老与那白发老者不由得惊咦出声，他们自然是知道灵诀殿能够艹控那些镇守者，是因为后者身躯上设置了灵阵，但那种灵阵相当复杂，如果找不准中枢，仅仅只是随意破坏的话，并不能令灵阵无用化，但眼下这牧尘，竟然是办到了。

 这种眼力以及对时机的把握，让人感到惊叹。",1
大主宰,第八百二十三章,"而当那些黑色花纹蔓延开来的时候，邱太阴的面色却是剧变起来，因为他感觉到那些黑色花纹蔓延的地方，太阴法身之中的庞大灵力竟是在以一种极快的速度开始消散。

 那种消散不论他如何的制止，都是毫无作用。

 “怎么会这样？！”邱太阴心中咆哮起来，不过他的咆哮显然是无用之举，短短不过十数息的时间，所有人都是见到太阴法身周身的阴寒之力越来越淡薄，而其庞大的身躯也是在此时迅速的变得透明，淡化，那是灵力无法维持至尊法身的表现。

 而伴随着至尊法身的灵力消散，那邱太阴的面色也是越来越苍白，至尊法身与本尊相连，因此至尊法身灵力的散逸，对他也是极大的重创。

 一种虚弱的感觉，从邱太阴身体之中蔓延出来，他脸庞铁青，显然是没想到牧尘的灵阵攻击竟然会这么的诡异，虽说那墨黑光束似乎没有任何的破坏力，但这种令得灵力消散的诡异能力，却是堪称致命。",1
大主宰,第三十八章 反杀,"此时的血屠，身形已是变得格外的迟钝，牧尘瞬间接近，那黑眸中掠过一抹冰寒之色，黑光直接是划过了血屠双目。

 鲜血溅射。

 血屠凄厉的惨叫声，也是在此时响彻而起，双臂疯狂的乱舞，试图将牧尘轰杀。

 然而牧尘却是身形一拐，出现在了血屠身后，手中匕首犹如毒蛇一般，狠狠的刺进血屠后背心要害处，匕首整个没入。

 鲜血顺着匕首不断的滴落，那血屠疯狂挥舞的身体陡然凝固，然后缓缓的倒塌下来，那张惨白的脸庞上还残留着难以置信。

 他堂堂灵轮境后期的强者，竟然栽到了一个灵动境的少年手中？",1
大主宰,第一百一十四章 杀鸡儆猴,"不过就在他们心中掠过这道念头，正准备撤退时，一道急促破风声陡然响彻，然后他们便是见到一道模糊的影子出现在了他们身前，那泛着金光的双指，带着锐利无比的劲风，停留在了他们咽喉处。

 两人的身体陡然僵硬下来，不敢再有丝毫动弹，那眼中，惊恐之色也是涌了出来。

 “这点本事，也学人来抢劫，会不会太高看自己了？”牧尘望着面前那两张有些苍白的面庞，微微一笑，道。",1
大主宰,第两百三十四章 反杀,"不过此时已是因为这记出其不意的回马枪而大有收获的牧尘，自然是不会愿意被他拼成重伤，手腕一抖，长剑掠回，双指紧夹剑尖，剑身倾泻，正好是挡在了那泛着寒芒的矛尖之上。

 火花溅射。

 牧尘的身形则是在此借助着那股推力倒飞而出，犹如黑夜中的蝙蝠，落进黑暗森林中，眨眼间便是消失不见。

 “该死的小子！”

 那三人望着落到他们面前的那冰凉尸体，眼中充满了暴怒，他们四人都是融天境后期的实力，而且个个惊艳丰富，若是联手的话，就算是一名化天境初期的强者都能够抗衡，没想到眼下，竟然被一个不过融天境初期的小子一记回马枪杀得这般狼狈。

 不仅损失一人，而且其中一人还被废了一只手，战斗力锐减！",1
大主宰,第一百一十四章 杀鸡儆猴,"不过，就在他那雄浑掌风即将与牧尘硬碰时，后者目光一闪，那身影竟是再度消失而去。

 少年一掌落空，瞳孔陡然紧缩，急忙转身，然后便是有些骇然的见到金光自背后暴射而来，最后狠狠的落在了他肩膀之上。

 噗嗤。

 闪烁着金光的指风，犹如最锋利的长枪，直接是刺穿了少年肩膀，鲜血溅射而出，他也是一声惨叫，倒飞了出去。",1
大主宰,第一百二十四章 金轮裂灵阵,"伴随着牧尘心神一动，那掠过天空的金色光轮速度猛然暴涨，犹如撕裂天空的金色雷霆，唰的一声便是追上了一头高级灵兽，然后射中它的身体。

 嗤！

 高速旋转的金色光轮，拥有着极为惊人的杀伤力，即便是面对着防御力强横的高级灵兽，也是在霎那间撕裂了那层层防御，直接是从其身躯之中洞穿而出。

 漫天鲜血溅射。

 伴随着一道凄厉的尖鸣声，那高级灵兽顿时栽落而下。

 金色光轮解决掉一头高级灵兽，去势依旧不减，追上第二头，第三头，然后皆是从它们身躯之中洞穿而出。

 噗噗。

 大量的血雾从天空中蔓延开来，犹如一团血云，金色光轮在接连洞穿了三头高级灵兽后，方才因为灵力耗尽，逐渐的消散而去。",1
大主宰,第两百七十九章,"白龙至尊淡淡一笑，道：“只是见你与寻常人不一般而已，我这道意识，凭借着白龙灵珠内的灵力维持，你如果之前一道全部吸收了，现在也听不见我这些话，我这剩下的东西，你就没什么缘分了...”

 牧尘一怔，剩下的东西？

 白龙至尊笑了笑，手掌轻拍座下白龙，那白龙便是飞快的缩小，然后化为一卷仿佛龙鳞所化的卷轴，在那卷轴之上，有着古老的字迹铭刻。

 牧尘视线看去，那犹如龙腾般的古老文字，便是印入了他的眼中。

 “龙腾术。”",2
大主宰,第八百零八章,"“这是…龙凤血浴！”

 天地间所有强者都是目瞪口呆的望着这突如其来的变故，再然后那惊叹便是被浓浓的羡慕所掩盖，因为他们察觉到那金色光柱内的龙凤精血，究竟精纯到了什么程度！

 那就算是上百座龙凤池，都绝对无法比喻的！

 “这小子命也太好了！”有着强者红着眼睛说道，那是龙凤血浴啊，就算肉身再孱弱的人被洗礼后，都是能够脱胎换骨，而这牧尘本就肉身强大，再经历了这次的洗礼，恐怕光凭借肉身的力量，他就能够抗衡同等级的人。

 不过虽然眼红，但所有人都很清楚，这是牧尘用大毅力以及大胆魄所换来的机缘，因为换做他们，根本就没有那个勇气冒着九死一生的危险，强行登梯。",2
大主宰,第七百六十一章 燃天符,"“五枚燃天符，足以重创一名四品至尊！”大罗天军中，有着人低声道，一些人也是暗暗摇头，这牧尘表现得已是相当不错了，不过想要拦住九道燃天符，谈何容易。

 “不对！”

 不过他们的声音刚落，便是有人眼瞳一缩。

 所有视线盯着那岩浆喷薄处，那里，一道金光巨影踏空而出，一轮金色烈日悬浮其脑后，鎏金光芒四射，犹如是一尊不灭大佛，那等震撼姿态，令得众多强者悄悄吸气。

 因为那道金光身影，竟是丝毫无损！",1
大主宰,第五百五十九章,"“是吗？”

 牧尘闻言，却是抬头一笑，笑容有些诡异。

 嗡嗡！

 就在牧尘笑容浮现时，只见得这片区域突然绽放出耀眼的光芒，然后众人便是见到一道道约莫十数丈左右的灵阵凭空浮现，这些灵阵等级并不高，但却是胜在数量不小，它们迅速的笼罩开来，犹如一个个小型的囚牢一般，竟是将那些缚天阵内那些磅礴的灵力分割包围了起来。

 短短十数息的时间，灵阵内的灵雾便是在迅速的消散，那些数量不少的小型灵阵，竟是把缚天阵内的灵力给囚禁起来了。

 “好手段！”

 灵阵之外，那无数观摩着这场精彩阵斗的高手，眼睛都是猛的一亮，忍不住的惊呼出声。",1
大主宰,第七百零八章,"“似乎是成功了。”曼荼罗金色大眼睛中划过一抹诧异，笑了笑，道。

 唐冰与唐柔闻言，俏脸上顿时有着难以遏制的惊喜涌出来，九幽那一直紧握的玉手，也是在此时缓缓的松开，如释重负的松了一口气。

 远处的天空，牧尘身形一动，直接是出现在了九幽她们面前，旋即他那俊逸的面庞上有着一抹笑容浮现出来，笑容之中，充满着一往无前的昂扬战意。

 “抱歉，久等了，现在，该我们去拿属于我们的战利品了！",2
大主宰,第三百七十九章,"“看谁镇杀谁！”

 牧尘抬头，猩红的眼瞳望着那可怕的攻势，喉咙间也是有着低沉的吼声传出，回荡天地，同时，在其气海之内，那暗紫色的曼荼罗花一点点的绽放开来，而随着花瓣的绽放，那被封印在其中的大须弥魔柱，一股惊天凶煞之气，暴冲而出。

 轰！

 那种凶煞，从牧尘天灵盖冲上天际，然后直接是在其身后，化为了一道约莫千丈庞大，矗立于天地之间的黑色魔柱！

 整个天地，仿佛都是在此时暗沉了下来。

 魔气滚滚，煞气滔天！",1
大主宰,第七百八十八章,"“不过这盔甲似乎不是凡物。”彩潇玉手一握，那一套金色盔甲便是悬浮在她的面前，这套金色盔甲，乃是使用真龙之鳞所炼制而成，其坚固程度难以形容，而且在那盔甲背后，隐隐的能够见到羽翼的纹路…

 “这套盔甲，融合了真龙真凤的力量…”牧尘也是凑过来，有些震动的道，先前那金甲守护者背后展开的凤翼，原来是依靠着这套盔甲。

 “好东西啊。”牧尘忍不住的赞叹道，这一道龙凤金甲拥有着真龙之鳞的强大防御，又拥有着真凤的速度，这等能力，就算是上等神器都有所不及，这若是传出去的话，必然会引来无数眼红争夺。",2
大主宰,第四百二十章,"紫焰光虹最终将那魔龙般的灵力逼近了魔刑天之前，不过，就在跨入后者丈许范围时，紫焰光虹之中的力量，终于是被消耗殆尽，最后与那一道魔龙般的灵力，双双湮灭。

 “你输了！”魔刑天森然出声，虽然他不知道牧尘为何能够爆发出如此恐怖的力量，但显然这是借助的外力，而这是会付出巨大的代价，此时牧尘面色惨白如纸，显然是不可能再有战斗之力，而只要他挡下了牧尘这最强攻击，接下来的战斗，已是有了结果。

 牧尘抬起苍白的脸庞，他看了一眼魔刑天，脸庞上却是掀起一抹嘲讽的笑容。

 “输的，是你。”

 魔刑天瞳孔猛的一缩，只见得那前方本来即将湮灭的紫研光虹内，一道细小的黑色光束，陡然暴掠而出，然后以一种无法形容的速度，洞穿了那丈许空间。

 如此近的距离，魔刑天根本来不及催动任何的防御，那黑色光束，已是射进了他眉心之间。

 一道黑色的孔洞，出现在了魔刑天眉心处，他的身体，在此时陡然凝固。",1
大主宰,第八百零四章,"只见那天空之上，妖艳的上古神花不知何时合拢，然后又是逐渐的化为光点消散，而在光点散去的时候，一道修长的身影，再度出现在了所有人的视线之下。

 他面色虽然略显苍白，但却并不见丝毫萎靡之态！

 那是牧尘！

 哗。

 天地间难以置信的哗然声犹如火山一般的爆发了起来，无数人目瞪口呆。

 牧尘竟然真的把幽冥皇子那必杀的一击给挡下来了！

 这个家伙，竟然真的做到了！",1
大主宰,第六章 灵力增幅,"在那庭院不远处，牧锋望着那庭院之中所发生的事情，也是忍不住的一笑，笑容中颇为的满意：“小牧的修炼天赋果然不凡，我当初也曾经修炼过这大浮屠诀，可修炼出第一道灵力，那可是消耗了足足五曰时间，而且修炼出的那一道灵力，初始也只能达到七层的增幅。”

 “这小子，竟然短短半曰就将灵力修炼了出来，并且增幅还达到了如此惊人的地步，真是打我的脸啊。”虽然这般的说着，但牧锋眼中的自豪与欣慰却是怎么都掩饰不住。

 “呵呵，小牧的天赋的确相当惊人，想来曰后成就，也不是我们这种过时的家伙可以比的。”一旁的周野也是笑着点了点头，语气中充满着感怀。",1
大主宰,第四百二十章,"蕴含着一些痛苦的低沉咆哮声，犹如野兽一般的响彻而起，牧尘上身衣衫瞬间化为灰烬，紫色的火苗仿佛是从毛孔中窜了出来，令得他看上去犹如一尊火神，那拳头一震，便是再度狠狠的砸在那魔符之上。

 嗤嗤！

 魔符之上，一道道鲜血般的纹路，竟然是在此时被那紫焰生生的燃烧而去，最后紫焰窜了上来，整道魔符，都是燃烧起来，最后砰的一声，这道惊人的魔符，便是被那紫焰燃烧得干干净净。

 噗嗤！

 一口鲜血，猛的自魔刑天嘴中喷了出来，与先前牧尘一般无二，只不过他的面庞更为的苍白，死寂的眼中，都是在此时涌上了一抹震动之色，他无法想象，是噬龙魔符竟然会被牧尘一拳之下，烧得干干净净。",1
大主宰,第八百二十八章,"牧尘的双目陡然睁开，他能够感觉到胸膛与背后的血肉仿佛是在此时震动起来，血肉之中，仿佛是有着什么东西悄然的破碎，然后被孵化激活了一般。

 吼！

 牧尘身形暴冲而起，仰天长啸，那啸声竟是如龙如凤，一道巨大的金光直接是从他体内冲出，连那天际云层都是在此时被撕裂而去。

 九幽仰头望着那道金光中的身影，隐隐间，竟是感觉到了一丝压迫感笼罩而来，那并非是灵力压迫，而是实力相当的神兽在相遇时，方才会自然而然散发出来的压迫感。

 此时的牧尘，给她的感觉，就犹如是一头人形神兽！",2
大主宰,第三百三十七章 完整版本的雷神体,"就在那雷光液体融入牧尘眉心时，他顿时感觉到一道惊雷之声在其脑海之中炸开，身体微颤间，一股磅礴而复杂的信息，犹如潮水般的浮现。

 雷神体，中品锻体神诀，可采天地雷霆之力锤锻肉身，强横之处，光凭肉身，便能蹦碎空间，拥有着搬山之力。

 此神诀一旦修炼至高深之处，威力堪比上品神诀。

 “可堪比上品神诀...”

 牧尘略感震撼，锻体神诀本就罕见，没想到这雷神体竟然之强，修炼到极致，威力不比上品神诀弱，这种等级的神诀，就算是在灵值殿中都购买不到！",2
大主宰,第八百章,"而随着牧尘身形显露，众多强者也是忍不住的一惊。

 此时的牧尘，身躯上覆盖着一层薄薄的血枷，那是鲜血凝固后所形成，而在那血枷上，还能够见到一些狰狞的伤痕。

 显然，这些应该都是先前柳炎那最后一击给牧尘所造成的伤势。

 牧尘身躯微震，身体上的血枷顿时脱落下来，那些深可见骨的狰狞伤痕，更是以肉眼可见的速度恢复着，短短不过十数息的时间，他的身体就已彻底的恢复过来，那种恢复速度，看得众多强者目瞪口呆。",1
大主宰,第四百六十三章,"而且，在那血魔剑影之后的血海，也是因为那无尽黑色雷弧的闪烁，进而沸腾，蒸发，那种弥漫天地的血腥之气，也是在迅速的消退。

 “这就是你最后的手段吗？”

 牧尘眼神淡漠的望着面色苍白的邱北海，有些失望的摇了摇头，道：“与姬玄比起来，你果然差太远了。”

 他手掌陡然一握，只见得那庞大的雷神之手，猛然握下，黑色雷弧在那掌心疯狂的闪烁，最后一把将那血魔剑影捏在了掌心，黑雷爆炸，只听得嘭的一声巨响，那柄血魔剑影，便是在此时被那黑雷巨手，生生捏爆。

 噗嗤。

 血魔剑影爆裂，邱北海面色剧变，一口鲜血狂喷而出，周身灵力波动急速萎靡而下，显然是遭受到了重创。",1
大主宰,第五百六十五章 木神经之威,"一道道视线上移，只见得在这片变得光秃秃的山脉上空，碧绿色的灵力却是犹如海洋一般的呼啸着，那浩瀚的灵力中，充满着昂扬的生机。

 这些灵力，全部都是由那些爆裂的树木之中所压榨出来，而这股力量之强，就连一些一重神魄难的高手都是看得头皮发麻。

 牧尘身形缓缓的落下，正好落在那翻滚的磅礴灵海之上，他抬起头望向前方，在那山峰上，莫修三人的面色已是隐隐带了一丝青意，那微微跳动的眉尖，显露着他们此时心中的震动。

 牧尘搞出来的这恐怖阵仗，显然也是有些震撼到了他们。",1
大主宰,第八百零四章,"无数强者心神震动的望着这一幕。隐隐间，他们已是感觉到了一种不寻常的波动，牧尘所施展的手段，让得他们心头不知道为何在微微颤抖着。

 天地昏暗，甚至连空间都是在此时抖动起来，牧尘的面色越来越苍白，然而其眼神却是越来越凌厉，下一瞬。他修长双指，终是凌空轻轻点下。

 “去吧。曼陀罗灭天光！”

 当牧尘心中的喃喃之声响起时，只见得这昏暗的天地彻彻底底的黑暗下来，唯有着那妖艳的上古神花是着天地间唯一的光亮，再接着，所有人都是见到，那朵上古神花猛的一震，暗紫色的光芒，在此时犹如火山一般，喷薄而出。

 紫色光束并没有携带着那种毁灭天地般的声势，然而当它在划过虚空时，所有人都仿佛是听见了空间破裂的声音。

 那光束掠过的地方，仿佛是任何的生机都是被抹灭，那种霸道，让人内心深处都是泛着深深的寒意。",1
大主宰,第三百八十章,"随着烟尘散去，只见得一个巨大无比的深坑出现在了大地上，而在那深坑中央处，魔龙子满身鲜血的躺在其中，他浑身骨骼仿佛都是在此时被拍断，无法动弹。

 现在的魔龙子，再没了之前的那种跋扈与张扬，那狼狈的模样，倒是有些丧家之犬般的味道。

 那远处的腾隆等人也是面色骇然的望着这一幕，浑身有些颤抖，这结果显然出乎了他们的意料，谁能想到，那煞气滔天的魔龙子，竟然最终会失败。

 而且，还是败在了北苍灵院的一个新生手中！

 牧尘眼神也是转向了他们，腾隆等人浑身一寒，虽然他们也知道现在的前者状态极差，但心中的恐惧，却是令得他们根本不敢再与牧尘有任何的对峙。",1
大主宰,第三百一十五章 斩杀灵王,"身后传来的惊人灵力，也是骇得慕风扬面色惨白，这般时候，连转身都来不及，他只能迅速的将一套灵甲包裹了身体。

 铛！

 牧尘的拳头，狠狠的轰在那灵甲之上，顿时爆发出金铁之声，火花溅射间，那慕风扬一口鲜血狂喷而出，身体犹如断线的风筝，一头便是栽落下地，将那地面轰出一个巨坑。

 慕风扬狼狈的躺在深坑中，身体上的灵甲，有着一道道裂缝蔓延出来，这灵甲之前因为试图陷害牧尘就已经被灵王拍得将要破碎，如今再狠狠的吃了牧尘一记狂暴攻击，更是已到极限。",1
大主宰,第两百三十五章 一个不留,"森罗死印所凝炼而成的黑色彗星没有丝毫的停顿，直接是狠狠的轰击在那黑色光龙之上，而后巨声响彻，那黑影便是惊骇的见到，黑色彗星，以一种势如破竹之势，瞬间震碎那黑龙，甚至连隐藏在其中的黑矛，都是被震飞而去。

 轰！

 黑色彗星洞穿黑色光龙，呼啸而来，然后便是在那黑影恐惧的目光中，将其狠狠的击中。

 啊！

 凄厉的惨叫声响起，大地震荡，一个巨大的深坑出现在了地面上，那深坑之中，那黑影的尸体已是变得模糊起来，瞬间气绝。

 牧尘这六道森罗死印，足以抵挡李玄通的凌厉一招，如今施展出来，直接是瞬间秒杀了一名融天境后期的强者。",1
大主宰,第四百六十二章,"牧尘右掌缓缓的伸出，在其掌心，似乎是有着无尽黑色雷霆在诞生，湮灭，犹如衍生着雷霆的世界，他的手掌，也是逐渐的呈现一种漆黑色彩，深邃而神秘。

 他掌心翻上，最后对着那道血魔剑影，轻轻拍下。

 “雷神之手。”

 低低的声音，在牧尘的心中响起，旋即他那黑色眸子，猛然爆发出了电闪雷鸣。

 轰隆！

 黑色雷霆疯狂的从牧尘体内暴射而出，天地间雷霆大作，竟直接是在牧尘前方，形成了一只约莫百丈大小，漆黑无比的巨手，那巨手之上，黑色的雷弧疯狂的闪烁，这些雷弧凝聚起来，仿佛是化为了一道道古老的纹路。",1
大主宰,第七百四十五章 以命相搏,"牧尘眼中凶光一闪，脚掌一跺，只见得那已是满身创伤的大日不灭身再度冲天而起，直接是出现在罗汉法身前方，而后那巨拳便是狠狠的挥下。

 秦碑急忙催动罗汉法身抵挡，但唯有一臂的至尊法身，如何能挡得下大日不灭身的攻击，那巨拳轰下，直接是将那罗汉法身一臂震断，并且一拳更是将那罗汉法身胸膛穿透而去。

 嘭！

 罗汉法身终于是达到了极限，砰的一声化为漫天光点，一道狼狈的身影从其中坠落而下，鲜血狂喷，最后重重的落在一座山峰之上，强大的力量，将那山顶都是震得塌陷了下去。

 轰隆隆。

 巨山滚落，然而那双方阵营，却是在此时陡然间的安静下来，那一道道有些凸出的眼睛，显露着他们此时心中的震骇。

 那个牧尘，不仅挡下了秦碑最强的攻击，并且还借此彻彻底底的击败的了秦碑！",1
大主宰,第两百八十四章 一万三千颗,"牧尘并不知道秃头老人给他的所谓“雷神体”神诀有多强，但他却是能够清晰的感觉到自己的肉身，在那狂暴雷霆之力的侵蚀下，一点点的变得强横。

 这似乎是一篇锻体的神诀。

 这让得牧尘有些惊喜，在灵诀之中，锻体灵诀相对而言颇为的罕见，而眼下这秃头老人所给的奖励，不是锻体灵诀，而是锻体神诀！

 一种能够吸收雷霆之力锤锻肉身的锻体神诀。",2
大主宰,第两百二十章 妖莲再现,"轰！

 光芒暴射，旋即一股连苏萱他们都是面色微变的灵力风暴，犹如形成了实质，疯狂的肆虐开来，瞬间便是将这数千丈庞大的战台震得尽数崩塌，那四周的灵力护罩，也是被撕裂得发出嘎吱嘎吱的声响，那种即将破碎的视觉冲击，令得无数人心惊肉跳，若是被那种冲击波及，恐怕就算是融天境后期的人，都得被撕成碎片吧。

 场中的灵力风暴，肆虐了足足数分钟，方才在无数道震撼的目光中一点点的消散。",1
大主宰,第七百八十五章,"而在那金色树苗之上，能够看见有着三团金光，透过金光，能够见到其中竟是三颗金色的果实，金色果实极为的奇妙，呈现龙凤交缠和鸣的姿态，彼此缠绕，化为了一颗神妙无比的龙凤果实。

 只不过这三颗龙凤果实，其中两颗呈现成熟的姿态，第三颗似乎才诞生后不久，所以显得极为青涩，那种神妙波动，也远不及前两者。

 但即便如此，这三颗龙凤果实，都堪称是绝品般的宝贝！

 牧尘眼神火热的望着那三颗龙凤果实，他能够感觉到，这三颗龙凤果实恐怕才是此地最好的宝贝，其中蕴含了这真龙真凤之首中的精华力量。",2
大主宰,第六百七十七章,"短短不过十数息的时间，那金光弥漫之地，一座至尊法身，便是凝聚成形。

 而且，这一次凝炼而成的至尊法身，通体金光更为的耀眼，鎏金般的躯体，犹如是世间最为坚固之物，无可摧毁。

 而且，在那金色的至尊法身表面，还能够见到一些暗紫色的图纹，图纹古朴而大气，竟是一颗颗烈日升腾之像。

 犹如万日当空。

 这座至尊法身静静的盘坐在天空上，不言不语，金光流转间，一股无法形容的古老磅礴之感弥漫，令得牧尘都是心生震撼之意。

 “不破不立...破后而立吗...”

 牧尘喃喃道，现在成形的至尊法身，比起先前他凝炼出来的那一座，无疑是显得更为的完美，浑身上下，都是寻不出丝毫的瑕疵。",2
大主宰,第八百零八章,"啊！

 他的啸声之中，弥漫着痛苦。但那痛苦之中，却是有着令人动容的坚毅与执着，即便此时的他浑身血肉模糊，甚至连白骨都是清晰可见，甚至连肉身已是爆碎了一大半，若非有着龙凤精血赋予的强大生命力，恐怕此时肉身早已尽数的毁灭。

 但即便是这般时刻。他依旧没有丝毫要认输绝望！

 那犹如狮吼般的啸声回荡在天地间所有人的耳旁，无数强者都是眼带震撼的望着那龙凤梯之巅，那里肉身爆碎大半的身影。沐浴在鲜血之中，但他依然是仰天长啸，那般背影，那般浴血咆哮的姿态。莫说是寻常强者。就算是彩潇，苏碧月，红鱼她们这等强者，都是脸带震撼。",1
大主宰,第一百八十四章 血脉链接的力量,"“这个家伙...”周翎神色震动，片刻后方才深吸一口气，神色复杂，原本他以为在晋入融天境后，应该会拉近与牧尘之间的差距，但谁能够料到，这个家伙，却是犹如一个无底洞一般，始终让人无法触及到他的底。

 那种感觉，真的算是有些深不可测。

 如今从牧尘体内散发出来的灵力波动，已经是直逼杨弘！

 那种看似遥不可及的差距，正在被他以各种神奇的手段，迅速的拉近。

 有时候，就连周翎都不得不承认，牧尘这家伙，总是会创造出一些奇迹来...原本以为已经无法撼动的局势，却最终能够被他神奇的翻转过来。",1
大主宰,第一百八十五章 黑塔镇虎蛟,"“浮屠之塔，镇压万物！”

 黑色巨塔之内，隐隐的有着古老的钟吟之声响起，只见得那巨大的黑色符文突然呼啸而下，轰在了那上古虎蛟庞大的身躯之上。

 嘭！

 仅仅只是一个接触间，上古虎蛟身躯之上的漫天青光，竟是在此时飞快的变得黯淡下来，一道凄厉的咆哮声，也是猛的从那上古虎蛟大嘴之中传出。

 它能够察觉到，有着一种诡异的力量顺着那黑色符文传递过来，而那种力量一旦侵入它的身体，便是封锁了它体内的所有灵力运转路线。

 那种感觉，就犹如被生生的封印了一般。青光黯淡，而那黑色巨塔则是爆发出万丈黑芒，轰隆巨响中，直接是镇压在上古虎蛟那巨大的身躯之上，后者顿时如遭重击，庞大的身躯伴随着黑色巨塔的冲击，飞快的从万丈高空之上坠落而下。",1
大主宰,第八百九十六章,"于是，整片至尊海，都是在此时疯狂的沸腾了起来，狂暴的灵力波动不断的呼啸，那浩瀚的至尊海，在停滞增长许久之后，那海平面，竟然是再度开始了增长。

 牧尘望着这一幕，终于是如释重负的松了一口气，旋即他轻轻一笑，凌空盘坐下来，有了大浮屠塔的协助炼化，想来此次突破，应该是指日可待了

 五品至尊，触手可及。",1
大主宰,第三百四十章,"他猛的抬头，只见得那雷海犹如是被撕裂开来，一道千丈庞大的黑色神雷，犹如天罚一般贯穿而来，直接是封锁了他附近所有的空间，避无可避！

 牧尘面色苍白，这种程度的攻击，根本就不是他能够躲避以及承受的。

 面对着这种攻击，他几乎只能闭目等死。

 轰！

 不过就在牧尘无能为力之时，那另外一侧，雷海也是被一股可怕的力量生生撕裂，只见得黑色的寒流呼啸而来，竟是先那黑色神雷一步，将牧尘笼罩在其中。

 嗤嗤。

 黑色寒流化为黑色的冰山，牧尘则是被封锁在那冰山深处，层层保护。

 咚！

 黑色神雷狠狠的轰击在那冰山之上，顿时雷海暴动，卷起万丈雷浆，冰山上也是有着巨大的裂缝蔓延而开，不过毕竟是将这雷灵的含怒一击抵挡了下来。",2
大主宰,第两百三十四章 反杀,"然而，就在他手掌抓住那青光长剑，打算将其拔出时，那金炎狮的尸体，竟是陡然炸飞而开，鲜血溅射间，一道满身被鲜血沾染的身影犹如鬼魅般的从尸体下冲出，一瞬间便是贴近了那黑影人，旋即双指并曲，金光涌动，带起凌厉无匹的波动，在那黑影人骇然无比的眼神中，穿透了他的咽喉。

 那道黑影，摇摇晃晃，最终倒地，那睁大的眼睛中，满是难以置信之色。

 那道沾染鲜血的身影，则是低头将那青光长剑拔起来，缓缓的抬起头，望着那已经停下身子，转过身骇然望着这一幕的两名黑影人。

 牧尘抹去脸庞上的鲜血，冲着眼前这两名黑影人淡淡一笑，那笑容落在两人眼中，犹如恶魔般的可怕。

 他们已经如此的谨慎小心了，竟然还是中了这小子的诡计！

 这种手段，也实在是太让人防不胜防了！",1
大主宰,第九百章,"裂山王他们面现惊容之色，有些震动的道：“牧王竟然突破到了五品至尊？！”

 他们只当这一月的时间，牧尘只是在修炼战阵师而已，但哪料到，后者竟然能够在这短短一月的时间内，完成四品至尊到五品至尊之间的突破！

 四品与五品之间虽仅有一品之差。但两者却是有着极大的差距，就拿在大罗天域来说，踏入五品至尊。就拥有封王的资格，而四品至尊，却仅仅只能分得一方城市，成为城主。镇守一方。这两者之间，就犹如

 而五品至尊，在他们大罗天域，已经是具备了封王的资格，虽说这种资格，牧尘早就已经用实力证明了。

 五品至尊，即便是放在北界任何一个势力之中，都绝对能够获得极高的待遇。",1
大主宰,第三百四十章,"隔离空间中，牧尘惊喜无比的望着那颗漆黑犹如黑洞般的圆润珠子，从后者那种波动来看，这必然就是他此次的目标。

 雷神丹！

 “终于找到了。”

 牧尘压抑着心中的狂喜，依旧保持着谨慎，迅速掠出，然后接近了那犹如黑色液体一般悬浮的黑色莲花。

 而随着接近，牧尘方才能够发现，那朵黑色莲花，仿佛是黑色的雷浆所化，但其看似是液体，却给人一种无可摧毁的奇异之感，而且在这由雷浆凝聚而成的黑色莲花上，牧尘并没有感觉到半点的狂暴波动。

 这与雷海中的那些狂暴得犹如要毁灭天地般的雷霆之力，截然不同。",2
大主宰,第三百四十七章,"不过牧尘并没有给他多余思考的时间，神色冰冷，反手一拍，只见得那朱雀火鸟便是爆发出滔滔火炎，席卷之间，直接是生生的将那血河蒸发而去。

 唳！

 朱雀火鸟蒸发掉血河，却依旧未曾散去，而是化为一道火红光线，撕裂天际，最后直接是在血弑剧变的目光中，狠狠的冲击在了他身体之上。

 砰！

 火焰在天际之上爆发开来，耀眼之极。

 无数北苍灵院的学员欢呼出声，牧尘这反手攻势，漂亮得让人挑不出丝毫的瑕疵，而反观那些太鼎灵院的学员，则是神色有些苍白，再不复之前的挑衅之威。",1
大主宰,第三百二十四章 最后一战,"“终于都到了！”不少人按耐着兴奋，急忙望去。

 在那无数道视线的注视下，那光幕中人海波动，三道人影，在那万众瞩目中，缓缓的掠出。

 在那最前方的两道，不出意外的，正是沈苍生与李玄通，当即所有的目光立即后移，看向了最后方的那一道修长身影。

 而当他们的视线汇聚在那一道身影之上时，北冥广场上的气氛，仿佛都是瞬间一滞，无数人缓缓的张大了嘴巴。

 “那是…”

 叶轻灵他们也是睁大了眼睛，他们望着那熟悉的身影，眼中有着浓浓的难以置信涌了出来。

 “竟然是牧尘！”",1
大主宰,第九十四章 九天雷灵阵,"随着牧尘喝声一落，那雷光灵阵也是彻底的运转起来，轰隆的雷鸣之声在半空中回荡，旋即只见得那阵法一颤，一道约莫十数丈庞大的雷光，犹如一条雷龙般的呼啸而出，快若闪电般的撕裂长空，狠狠的轰向杨鬼。

 “该死的！”

 杨鬼望着那在眼瞳之中急速放大的雷光，面色也是剧变起来，那之中弥漫的狂暴灵力，让得他有些心惊肉跳。

 轰！

 强横的灵力，毫无保留的自杨鬼体内席卷而出，他五指摊开，而后一掌拍出，灵力滚滚：“黑鬼大掌印！”

 滚滚灵力涌出，化为一道巨大的灵力掌印，携带着雄浑之力，与那道狂奔而来的雷光，狠狠的憾在一起。

 砰！

 狂暴无比的灵力冲击自天空席卷开来，霎那间的耀眼光华，让得不少人都是忍不住的闭上眼睛……

 哼。

 杨鬼的身躯，在此时猛的一颤，喉咙间传出一道闷哼之声，身形踉跄的急退了十数步，一丝血迹自其嘴边浮现出来，体内灵力震荡不堪，显然是在这种硬碰中出现了不小的伤势。",1
大主宰,第一百八十四章 血脉链接的力量,"那黑色巨鸟通体缭绕着黑炎，它的身躯并不是特别的清晰，因此一些人也是无法分辨出这究竟是哪一种灵兽，不过，即便分辩，但从这股气势来看，绝对比起那杨弘的上古虎蛟，还要更为的厉害！

 “那是...什么灵兽啊？好恐怖的气势！”

 墨岭等无数新生目瞪口呆的望着那庞大无比的黑色巨鸟，这是他们第一次见到牧尘催动灵兽精魄的力量，原本他们一直以为牧尘炼化了当初在北苍界所获得的那两头天阶灵兽中的一道精魄，但从眼下这一幕来看，他们的猜测，显然是错误的。

 牧尘一直在隐藏着他所炼化的精魄！",1
大主宰,第五百三十五章,"牧尘的身影，也是出现在了最后三名灵力难高手身前，黑色雷光疯狂的闪烁，他面色漠然的挥拳而出，空气在其拳下爆炸，拳影则已是犹如奔雷般的落在了那三人胸膛处。

 低沉响彻，三人的胸膛都是塌陷了下去，最后惨叫着倒飞而出，然后被深深的镶嵌进了山体之中。

 整片天地间，都是在此时瞬间鸦雀无声。

 十名灵力难的高手，几乎是在一个照面，就被牧尘三人瞬间秒杀。",1
大主宰,第五百七十四章,"看似没有丝毫力量的轻弹，却是在此时带来了让人感到惊悚的反应，伴随着一道细微的破碎声响起，众人便是眼瞳急缩的见到，那一道道裂纹突然从那玉骨表面蔓延开来。

 咔嚓！咔嚓！

 细微的声音，愈发的频繁众人视线射去终于是见到，那包裹着吕天身躯的光洁玉骨，竟是悄然的出现了细密的裂纹。

 裂纹以一种惊人的速度蔓延，短短数息时间，便是彻底的密布了那玉骨的每一个角落。

 牧尘的拳头，则是在此时缓缓的落下，指尖上有着一抹淡淡的血迹浮现但他却只是淡淡的瞥了一眼轻轻搽拭而去。",1
大主宰,第七百二十五章,"当牧尘双目睁开的那一霎，两道刺目的金光，顿时暴射而出，在那金光笼罩下，任何阴影仿佛都是无所遁形。

 在大日不灭身眉心处，更是有着璀璨的金色光芒绽放着，犹如是一轮夺目的金色烈日，一股令人心惊肉跳的力量波动，在此时荡漾着出现，引来无数道震动的目光。

 牧尘盘坐在大日不灭身天灵盖之上，他在此时抬头，那一轮巨大无比的雷日已是轰然而落，庞大的阴影，将整座大日不灭身都是笼罩在下。

 那雷日尚未爆发，可那种力量，已是令得下方的大地开始层层塌陷。",1
大主宰,第八百零八章,"在其胸膛，背后，那真龙之纹与真凤之纹则是轻轻的震动着，最后一道金色光束射出，直奔那十道光团最右侧处。

 嗤嗤。

 金色光束缠绕上那道光团，然后迅速收回。

 牧尘双目睁开，那金色光团已经悬浮在了他的面前，他手掌伸出，那金色光团落到他的手中，光芒散去，最后露出了其行迹。

 那似乎是一块暗金色的骨头，骨头之上，布满着古老的纹路，犹如是天地间最为古老的文字，散发着一种神秘莫测的波动。

 牧尘握住这块神秘的暗金色骨头，却是感觉到他体内的血肉有些震动起来，这令得他眼神猛的一凛，看来这块暗金色的骨头，与龙凤体有着不浅的关系啊。",2
大主宰,第两百二十章 妖莲再现,"天空上，巨大的光阵猛的爆发出惊雷之声，只见得漫天光华涌动，凝聚，最后逐渐的形成了一朵数百丈庞大的黑色之莲。

 黑莲悬浮天际，缓缓的旋转，在它旋转之间，仿佛连空间都是扭曲起来。

 这般灵阵，自然便是妖莲屠灵阵，当初在北灵境，牧尘便是凭借着此阵，秒杀柳惊山，只不过那时候的他方才是灵轮境的实力，根本就难以触及此阵的真正威力，即便是借助了九幽雀的力量，也不过是勉强施展，而伴随着如今实力的提升，他方才能够领悟出此阵的一些玄妙。

 当初眼力缺乏，只是将这妖莲屠灵阵当做三级灵阵，但当牧尘现在也是晋入三级灵阵师，他方才能够发现，他对这妖莲屠灵阵的了解，实在是太过浅薄。

 从当初得来的那黑色卷轴来看，如今他所布置出来的“妖莲屠灵阵”，还只是这灵阵的一部分而已，等有朝一曰，牧尘实力足够了，将这灵阵彻彻底底的布置出来，那威力，必定是惊天动地。",1
大主宰,第六百六十二章,"他那修长的手指指向下方的灵阵，这三朵黑莲所化的灵阵，自然便是“妖莲屠灵阵”，这座灵阵，最高形态能够凝炼出四朵黑莲，以往的牧尘，一直都只能凝炼出两朵，可伴随着他晋入至尊境后，再加上前段时间在灵溪的指导下苦苦修炼，他的灵阵修为也是突飞猛进，在那悄然间，已是迈入了灵阵大师的层次。

 他这隐藏的一手，甚至连九幽都不曾知晓。

 柳冥所化的天炎法身眼中，火焰涌动，不好这一次，他并没有再嘲讽出声，因为他的的确确是从那座灵阵上，感觉到了令他不安的波动。

 他怎么都未曾想到，牧尘竟然还是一位灵阵大师！",1
大主宰,第七百五十九章,"那领首一人，身躯娇小，但却是有着一种恐怖的威压弥漫开来，在这大罗天域内，拥有着这般威压的，除了曼荼罗之外，别无他人。

 而在曼荼罗身后，不仅九幽跟随而来，甚至连三皇以及诸王，都是现身，这般阵容，倒是引得下方众多大罗天军的战士一脸的惊愕。

 “这小子倒是好大的阵仗。”火魅儿望着这般阵容，倒是妩媚的一笑，旋即她低下头，只见得那下方的岩浆海面，突然有着巨大的漩涡成形。

 轰！

 一道岩浆冲天而起，岩浆节节攀高，一道人影，脚踏岩浆，缓缓的出现在了那无数道目光的注视之中。

 少年身体修长，面容俊逸，黑色的眸子平静从容，显然，牧尘也是在这一时刻，完成了修炼。",2
大主宰,第三百四十章,"牧尘见到秃头老人那眼神，顿时尴尬一笑，袖袍一挥，只见得那朵自雷海中得来的雷浆黑莲便是出现在了面前。

 “前辈，这是与那雷神丹一同找到的，不过我却不知道这是什么。”牧尘指着那雷浆黑莲，道。

 秃头老人盯着那雷浆莲花，眼中也是掠过一抹光亮，有些惊讶的道：“这似乎是雷神莲...一种极为罕见的天材地宝，与雷神丹一样，只有极低的几率才会在雷霆中诞生，没想到在这雷海中，竟然会同时将雷神丹以及雷神莲都诞生出来...”

 “雷神莲...”牧尘这才明白这雷浆黑莲是什么，听其名字，显然就不是凡物。",2
大主宰,第七百二十五章,"金刚般的拳头，犹如是洞穿了虚空，瞬间就已出现在了那雷日之下，而后没有任何的犹豫。直接一拳轰出。

 两者硬憾在一起，但出人意料的，却并没有惊天巨声响起，所有人的瞳孔都是在此时猛然紧缩，因为他们见到，那金刚般的拳头。竟直接是在那对碰的瞬息，直接一拳洞穿了雷日。

 没有任何的阻拦，犹如穿透豆腐一般。

 那闪烁着晶芒的金刚之拳，犹如是天地间无坚不摧的神灵之手，可怕无比。",1
大主宰,第五百四十八章,"剑吟之声，突然响彻，只见得在那一道道高速旋转的灵力风暴之内，突然有着一柄柄灵剑凝聚而成，这些灵剑，并没有实体，完全是由磅礴之极的灵力压缩凝炼而成，剑身在颤抖间，爆发出了惊天剑气。

 那剑气之凌厉，即便是血天都他们面色都是猛的一变，因为他们从那剑气之中感觉到了凌厉，虽说这种剑气，比不上洛璃之前的一剑，但此时那灵阵之内，大大小小的灵剑，几乎达到了数百道的惊人规模。

 这种阵仗，足以让人头皮发麻。",1
大主宰,第两百八十四章 一万三千颗,"“一万三千颗。”牧尘灿烂一笑，道。

 啪。

 少女手中的墨笔顿时落地，漂亮的小脸蛋上，满是错愕，那后方正等待着购买天雷珠的众多学员，也是目瞪口呆的将那前方的牧尘给看着。

 一万三千颗天雷珠？这小子脑袋被门夹了吧？天雷珠有那么好凝炼吗？一万三千颗，就算是沈苍生来了都凝炼不出！

 牧尘瞧得那漂亮少女眼中流露出来的怀疑，也没多说，屈指一弹，璀璨的银色洪流便是呼啸而出，瞬间便是将那柜台围得水泄不通。

 “这位学姐，一万三千颗天雷珠，总共两百六十万灵值，谢谢。”",1
大主宰,第五百二十章,"“如果有机会，你或许可以将另外五道神木碑中的小神术弄到手，我先前所给予你的东西，会帮你完成融合，到时候你会获得一些惊喜。”白发老者淡淡的一笑，道。

 “多谢前辈。”

 牧尘心中大喜，连忙抱拳道。

 白发老者挥了挥手，旋即他手掌轻拍了拍玉石莲台，只见得莲台之中有着光芒绽放，那巨大的莲台，开始迅速的缩小，连带着其中的九阳灵芝也是缩小起来，短短数息间，莲台便是仅有巴掌大小，在其中，还有着一株精致的九阳灵芝。",2
大主宰,第十四章 灵动境中期,"“就怕你没这种资格啊...”

 牧尘猛的抬头，双掌也是在一霎陡然紧握起来，幽黑色的灵力猛的自其体内暴涌而出，霸道的黑光在其指尖闪电般的穿梭。

 一股强横的波动，爆发开来。

 “这股灵力波动...”首席之上，萧院长以及莫师三人脸庞上顿时扬起了一抹惊异之色。

 “灵动境中期？！”

 场台周围也是在此时猛的爆发出阵阵惊哗之声，那种灵力波动，显然是真正的达到了灵动境中期的程度，牧尘的实力，竟然突破到了灵动境中期了！

 “这小子...还真是有些能耐啊。”",1
大主宰,第六百五十章,"“成功了吗...”

 他缓缓的摊开双手，只见得磅礴的灵力从其脚下灌注而进，神魄那缩小了许多的身形，立即恢复，而且神魄的身体表面，竟也是有着一丝丝的紫光流转，在其眸子中，甚至有着紫焰升腾。

 这一道神魄，比起之前，显得更为的凝炼。

 牧尘手掌伸出，只见得至尊海内，滔天般的紫光灵力席卷而出，最后汇聚在其掌心之上，隐隐间，仿佛是化为了一缕紫意盎然的火焰，一种无法形容的奇异之力，荡漾而开。

 牧尘凝视着这一缕紫色火焰，唇角缓缓的勾起一抹弧度。

 他能够感觉到，虽然他至尊海内的灵力并没有出现什么暴涨，但那种威力，却是足足强悍了数倍之多！

 因为现在的他，已经成功了融合了不死火！",2
